"Powertrain","Year","MWh","unit","kwh_veh_total"
"BEV","2022",453062.95675,7684229,58.9601060496766
"PHEV","2022",52751.1481,2860295,18.4425550861013
